status,path,doc_id,title,brand,model,variant,category,chunks_db,chunks_qdrant,error
ok,C:\ai-platform\demo_docs\1. Bandschrapers\1) Bandschraper U.pdf,5876416509104398899,Belle Banne U - 1) Bandschraper U,Belle Banne,U,standaard,Bandschraper,10,10,
ok,C:\ai-platform\demo_docs\1. Bandschrapers\2) Bandschraper U - Reversibel.pdf,3931792663741965844,Belle Banne U REV - 2) Bandschraper U - Reversibel,Belle Banne,U,REV,Bandschraper,3,3,
ok,C:\ai-platform\demo_docs\1. Bandschrapers\3) Bandschraper H.pdf,5468589044249961327,Promati H - 3) Bandschraper H,Promati,H,standaard,Bandschraper,5,5,
ok,C:\ai-platform\demo_docs\1. Bandschrapers\4) Bandschraper H - Implanting.pdf,5048214389288772475,Promati H - 4) Bandschraper H - Implanting,Promati,H,standaard,Bandschraper,3,3,
ok,C:\ai-platform\demo_docs\1. Bandschrapers\5) Bandschraper R.pdf,2953549675382088754,Promati R - 5) Bandschraper R,Promati,R,standaard,Bandschraper,6,6,
ok,C:\ai-platform\demo_docs\1. Bandschrapers\6) Bandschraper P.pdf,2014482211774046663,Promati P - 6) Bandschraper P,Promati,P,standaard,Bandschraper,6,6,
ok,C:\ai-platform\demo_docs\1. Bandschrapers\7) Bandschraper RV.pdf,6590385981782074878,Promati 7) Bandschraper RV - 7) Bandschraper RV,Promati,7) Bandschraper RV,standaard,Bandschraper,7,7,
ok,C:\ai-platform\demo_docs\1. Bandschrapers\8) Bandschraper K.pdf,4724319561181209010,Promati 8) Bandschraper K - 8) Bandschraper K,Promati,8) Bandschraper K,standaard,Bandschraper,2,2,
ok,C:\ai-platform\demo_docs\10. Slijtplaten en Belle Liner\1) Slijtplaten - Belle Liner.pdf,2544807694442308335,Promati R - 1) Slijtplaten - Belle Liner,Promati,R,standaard,Slijtplaten,2,2,
ok,C:\ai-platform\demo_docs\10. Slijtplaten en Belle Liner\2) Sancic.pdf,3028909795226788380,Promati 2) Sancic - 2) Sancic,Promati,2) Sancic,standaard,Slijtplaten,5,5,
ok,C:\ai-platform\demo_docs\11. Overkapping voor transportbanden\Overkapping Achenbach.pdf,177955011672318233,Promati H - Overkapping Achenbach,Promati,H,standaard,Overkapping,18,18,
ok,C:\ai-platform\demo_docs\12. ProLoad\BLU-TEC - Price list Proload 2026.pdf,6624919147169981871,Promati BLU-TEC - Price list Proload 2026 - BLU-TEC - Price list Proload 2026,Promati,BLU-TEC - Price list Proload 2026,standaard,12. ProLoad,10,10,
ok,C:\ai-platform\demo_docs\12. ProLoad\BLU-TEC-Datasheet-Proload (4).pdf,5136894796940092163,Promati BLU-TEC-Datasheet-Proload (4) - BLU-TEC-Datasheet-Proload (4),Promati,BLU-TEC-Datasheet-Proload (4),standaard,12. ProLoad,5,5,
ok,C:\ai-platform\demo_docs\12. ProLoad\BLU-TEC-Flowchart-Proload_pdf (3).pdf,1293143328671966848,Promati BLU-TEC-Flowchart-Proload_pdf (3) - BLU-TEC-Flowchart-Proload_pdf (3),Promati,BLU-TEC-Flowchart-Proload_pdf (3),standaard,12. ProLoad,4,4,
ok,C:\ai-platform\demo_docs\12. ProLoad\BLU-TEC-Installation-guide (4).pdf,8788030619929093880,Promati BLU-TEC-Installation-guide (4) - BLU-TEC-Installation-guide (4),Promati,BLU-TEC-Installation-guide (4),standaard,12. ProLoad,14,14,
ok,C:\ai-platform\demo_docs\12. ProLoad\BLU-TEC-Maintenance-instructions-Proload-ENG (4).pdf,8426281059291373746,Promati BLU-TEC-Maintenance-instructions-Proload-ENG (4) - BLU-TEC-Maintenance-instructions-Proload-ENG (4),Promati,BLU-TEC-Maintenance-instructions-Proload-ENG (4),standaard,12. ProLoad,5,5,
ok,C:\ai-platform\demo_docs\12. ProLoad\BLU-TEC-Questionnaires-Proload (6).pdf,7506763050712573100,Promati BLU-TEC-Questionnaires-Proload (6) - BLU-TEC-Questionnaires-Proload (6),Promati,BLU-TEC-Questionnaires-Proload (6),standaard,12. ProLoad,4,4,
ok,C:\ai-platform\demo_docs\12. ProLoad\BLU-TEC-Questionnaires-Proload.pdf,4183603286890488819,Promati BLU-TEC-Questionnaires-Proload - BLU-TEC-Questionnaires-Proload,Promati,BLU-TEC-Questionnaires-Proload,standaard,12. ProLoad,4,4,
ok,C:\ai-platform\demo_docs\2. Poluyrethaan kopschrapers en bandschrapers Blue-line\1) Bandschraper TPH.pdf,8882856053251286271,Promati H - 1) Bandschraper TPH,Promati,H,standaard,Bandschraper,3,3,
ok,C:\ai-platform\demo_docs\2. Poluyrethaan kopschrapers en bandschrapers Blue-line\2) Bandschraper TPL.pdf,7865550675702621245,Promati TPL - 2) Bandschraper TPL,Promati,TPL,standaard,Bandschraper,3,3,
ok,C:\ai-platform\demo_docs\2. Poluyrethaan kopschrapers en bandschrapers Blue-line\3) Bandschraper Blue Line BP1.pdf,7370171492549043030,Promati 3) Bandschraper Blue Line BP1 - 3) Bandschraper Blue Line BP1,Promati,3) Bandschraper Blue Line BP1,standaard,Bandschraper,6,6,
ok,C:\ai-platform\demo_docs\2. Poluyrethaan kopschrapers en bandschrapers Blue-line\4) Bandschraper Blue Line BS1.pdf,4423226532026393179,Promati 4) Bandschraper Blue Line BS1 - 4) Bandschraper Blue Line BS1,Promati,4) Bandschraper Blue Line BS1,standaard,Bandschraper,6,6,
ok,C:\ai-platform\demo_docs\3. Rollen en Steunen\1) Transportbandrollen.pdf,4174722679983153801,Promati 1) Transportbandrollen - 1) Transportbandrollen,Promati,1) Transportbandrollen,standaard,Rollen en steunen,26,26,
ok,C:\ai-platform\demo_docs\3. Rollen en Steunen\2) trogstellen en steunen voor transportbanden.pdf,6789131040505505465,Promati 2) trogstellen en steunen voor transportbanden - 2) trogstellen en steunen voor transportbanden,Promati,2) trogstellen en steunen voor transportbanden,standaard,Rollen en steunen,14,14,
ok,C:\ai-platform\demo_docs\3. Rollen en Steunen\3) TOP-Rollen.pdf,2975723104419324753,Promati 3) TOP-Rollen - 3) TOP-Rollen,Promati,3) TOP-Rollen,standaard,Rollen en steunen,3,3,
ok,C:\ai-platform\demo_docs\3. Rollen en Steunen\4) HDPE Rollen.pdf,840005334774784633,Promati 4) HDPE Rollen - 4) HDPE Rollen,Promati,4) HDPE Rollen,standaard,Rollen en steunen,3,3,
ok,C:\ai-platform\demo_docs\3. Rollen en Steunen\5) Cerapro-ringen.pdf,5138978833613399889,Promati 5) Cerapro-ringen - 5) Cerapro-ringen,Promati,5) Cerapro-ringen,standaard,Rollen en steunen,3,3,
ok,C:\ai-platform\demo_docs\3. Rollen en Steunen\vragenlijst rollen.pdf,6966232033711564342,Promati vragenlijst rollen - vragenlijst rollen,Promati,vragenlijst rollen,standaard,Rollen en steunen,2,2,
ok,C:\ai-platform\demo_docs\4. Trommels en Lagers\1) Transportbandtrommels.pdf,3940648464986776592,Promati 1) Transportbandtrommels - 1) Transportbandtrommels,Promati,1) Transportbandtrommels,standaard,Trommels en lagers,2,2,
error,C:\ai-platform\demo_docs\4. Trommels en Lagers\2) Trommel voor transportbanden catalogus.pdf,,2) Trommel voor transportbanden catalogus.pdf,,,,4. Trommels en Lagers,,,500 Server Error: Internal Server Error for url: http://localhost:8000/rag/ingest-product-document
error,C:\ai-platform\demo_docs\4. Trommels en Lagers\Vragenlijst trommels.pdf,,Vragenlijst trommels.pdf,,,,4. Trommels en Lagers,,,500 Server Error: Internal Server Error for url: http://localhost:8000/rag/ingest-product-document
ok,C:\ai-platform\demo_docs\5. Ontsstoffingssysteem - Stofdicht Stortpunt\1) Proload.pdf,547632409229336817,Promati 1) Proload - 1) Proload,Promati,1) Proload,standaard,5. Ontsstoffingssysteem - Stofdicht Stortpunt,3,3,
ok,C:\ai-platform\demo_docs\5. Ontsstoffingssysteem - Stofdicht Stortpunt\2) Ontstoffingssysteem voor transportbanden - HX410 - Roxon Clear.pdf,6227852189470139685,Promati R - 2) Ontstoffingssysteem voor transportbanden - HX410 - Roxon Clear,Promati,R,standaard,5. Ontsstoffingssysteem - Stofdicht Stortpunt,4,4,
ok,C:\ai-platform\demo_docs\5. Ontsstoffingssysteem - Stofdicht Stortpunt\vragenlijst proload.pdf,4385436331652720093,Promati vragenlijst proload - vragenlijst proload,Promati,vragenlijst proload,standaard,5. Ontsstoffingssysteem - Stofdicht Stortpunt,2,2,
ok,C:\ai-platform\demo_docs\6. Afdichtingen - Impact bars\1) Afdichtingssysteem met standaard Klemmen.pdf,5454109014533875119,Promati 1) Afdichtingssysteem met Klemmen - 1) Afdichtingssysteem met Klemmen,Promati,1) Afdichtingssysteem met standaard Klemmen,standaard,Afdichting,1,1,
ok,C:\ai-platform\demo_docs\6. Afdichtingen - Impact bars\2) Afdichtingssystemen voor stortpunten.pdf,1341889535099904675,Promati 2) Afdichtingssystemen voor stortpunten - 2) Afdichtingssystemen voor stortpunten,Promati,2) Afdichtingssystemen voor stortpunten,standaard,Afdichting,1,1,
ok,C:\ai-platform\demo_docs\6. Afdichtingen - Impact bars\3) Impact Bars.pdf,402351467733394335,Promati 3) Impact Bars - 3) Impact Bars,Promati,3) Impact Bars,standaard,Afdichting,3,3,
ok,C:\ai-platform\demo_docs\6. Afdichtingen - Impact bars\Vragenlijst impactbars.pdf,3304803484285806008,Promati Vragenlijst impactbars - Vragenlijst impactbars,Promati,Vragenlijst impactbars,standaard,Afdichting,1,1,
ok,C:\ai-platform\demo_docs\7. Automatische stuurrollen\1) Rollax.pdf,2894508434073527225,Promati 1) Rollax - 1) Rollax,Promati,1) Rollax,standaard,Stuurrollen,5,5,
ok,"C:\ai-platform\demo_docs\8. Weeg- en doseertechnieken en metaaldetectie\1) wegen, doseren en metaaldetectie - onze passie.pdf",1590644006498738311,"Promati 1) wegen, doseren en metaaldetectie - onze passie - 1) wegen, doseren en metaaldetectie - onze passie",Promati,"1) wegen, doseren en metaaldetectie - onze passie",standaard,Weeg- en detectietechniek,9,9,
ok,C:\ai-platform\demo_docs\8. Weeg- en doseertechnieken en metaaldetectie\2) Ramsey bandweger.pdf,1286808510441464040,Promati R - 2) Ramsey bandweger,Promati,R,standaard,Weeg- en detectietechniek,10,10,
ok,C:\ai-platform\demo_docs\8. Weeg- en doseertechnieken en metaaldetectie\3) gravimetrische & volumetrische doseersystemen.pdf,9042002163247359754,Promati 3) gravimetrische & volumetrische doseersystemen - 3) gravimetrische & volumetrische doseersystemen,Promati,3) gravimetrische & volumetrische doseersystemen,standaard,Weeg- en detectietechniek,4,4,
ok,C:\ai-platform\demo_docs\8. Weeg- en doseertechnieken en metaaldetectie\4) Industriële weegoplossingen.pdf,5840991651222167947,Promati 4) Industriële weegoplossingen - 4) Industriële weegoplossingen,Promati,4) Industriële weegoplossingen,standaard,Weeg- en detectietechniek,4,4,
ok,C:\ai-platform\demo_docs\8. Weeg- en doseertechnieken en metaaldetectie\5) Metaaldetectie.pdf,3223341839308169570,Promati 5) Metaaldetectie - 5) Metaaldetectie,Promati,5) Metaaldetectie,standaard,Weeg- en detectietechniek,6,6,
ok,C:\ai-platform\demo_docs\9. Magnetische roosters\Promag magneten.pdf,856943879630561292,Promati Promag magneten - Promag magneten,Promati,Promag magneten,standaard,Metaaldetectie/magneten,5,5,
ok,C:\ai-platform\demo_docs\MASTER DOKUMENT.docx,5571551548972376991,Promati MASTER DOKUMENT - MASTER DOKUMENT,Promati,MASTER DOKUMENT,standaard,demo_docs,399,399,
ok,C:\ai-platform\demo_docs\mini-inspectie-concept.docx,5242336140581314927,Promati mini-inspectie-concept - mini-inspectie-concept,Promati,mini-inspectie-concept,standaard,demo_docs,7,7,
ok,C:\ai-platform\demo_docs\vragenlijsten\vragenlijst proload.pdf,5354172894482866909,Promati vragenlijst proload - vragenlijst proload,Promati,vragenlijst proload,standaard,vragenlijsten,2,2,
ok,C:\ai-platform\demo_docs\vragenlijsten\vragenlijst rollen.pdf,6608367249022328887,Promati vragenlijst rollen - vragenlijst rollen,Promati,vragenlijst rollen,standaard,vragenlijsten,2,2,
error,C:\ai-platform\demo_docs\vragenlijsten\Vragenlijst trommels.pdf,,Vragenlijst trommels.pdf,,,,vragenlijsten,,,500 Server Error: Internal Server Error for url: http://localhost:8000/rag/ingest-product-document
